actual,ocean5_prediction,binary_prediction,hybrid_prediction
Technology and IT,Engineering and Architecture,Technology and IT,Technology and IT
Engineering and Architecture,Technology and IT,Engineering and Architecture,Engineering and Architecture
Engineering and Architecture,Engineering and Architecture,Technology and IT,Technology and IT
Technology and IT,Technology and IT,Engineering and Architecture,Engineering and Architecture
Technology and IT,Engineering and Architecture,Technology and IT,Technology and IT
Technology and IT,Engineering and Architecture,Technology and IT,Technology and IT
Technology and IT,Engineering and Architecture,Technology and IT,Technology and IT
Technology and IT,Engineering and Architecture,Technology and IT,Technology and IT
Technology and IT,Engineering and Architecture,Technology and IT,Technology and IT
Engineering and Architecture,Engineering and Architecture,Technology and IT,Technology and IT
Engineering and Architecture,Technology and IT,Engineering and Architecture,Engineering and Architecture
Education and Research,Engineering and Architecture,Technology and IT,Technology and IT
Technology and IT,Engineering and Architecture,Technology and IT,Technology and IT
Healthcare and Medical,Technology and IT,Engineering and Architecture,Engineering and Architecture
Technology and IT,Engineering and Architecture,Technology and IT,Technology and IT
Business Management and Finance,Engineering and Architecture,Technology and IT,Technology and IT
Education and Research,Engineering and Architecture,Technology and IT,Technology and IT
Engineering and Architecture,Engineering and Architecture,Technology and IT,Technology and IT
Engineering and Architecture,Technology and IT,Engineering and Architecture,Engineering and Architecture
Engineering and Architecture,Technology and IT,Engineering and Architecture,Engineering and Architecture
Engineering and Architecture,Engineering and Architecture,Technology and IT,Technology and IT
Engineering and Architecture,Engineering and Architecture,Technology and IT,Technology and IT
Technology and IT,Engineering and Architecture,Technology and IT,Technology and IT
Engineering and Architecture,Technology and IT,Engineering and Architecture,Engineering and Architecture
Engineering and Architecture,Technology and IT,Engineering and Architecture,Engineering and Architecture
Engineering and Architecture,Technology and IT,Engineering and Architecture,Engineering and Architecture
Engineering and Architecture,Engineering and Architecture,Technology and IT,Technology and IT
Technology and IT,Engineering and Architecture,Technology and IT,Technology and IT
Technology and IT,Engineering and Architecture,Technology and IT,Technology and IT
Technology and IT,Engineering and Architecture,Technology and IT,Technology and IT
Technology and IT,Engineering and Architecture,Technology and IT,Technology and IT
Engineering and Architecture,Engineering and Architecture,Technology and IT,Technology and IT
Technology and IT,Engineering and Architecture,Technology and IT,Technology and IT
Technology and IT,Technology and IT,Engineering and Architecture,Engineering and Architecture
Technology and IT,Engineering and Architecture,Technology and IT,Technology and IT
Technology and IT,Technology and IT,Engineering and Architecture,Engineering and Architecture
Engineering and Architecture,Engineering and Architecture,Technology and IT,Technology and IT
Engineering and Architecture,Engineering and Architecture,Technology and IT,Technology and IT
Engineering and Architecture,Engineering and Architecture,Technology and IT,Technology and IT
Technology and IT,Engineering and Architecture,Technology and IT,Technology and IT
Technology and IT,Engineering and Architecture,Technology and IT,Technology and IT
Technology and IT,Technology and IT,Engineering and Architecture,Engineering and Architecture
Technology and IT,Engineering and Architecture,Technology and IT,Technology and IT
Engineering and Architecture,Technology and IT,Engineering and Architecture,Engineering and Architecture
Engineering and Architecture,Engineering and Architecture,Technology and IT,Technology and IT
Engineering and Architecture,Technology and IT,Engineering and Architecture,Engineering and Architecture
Technology and IT,Engineering and Architecture,Technology and IT,Technology and IT
Engineering and Architecture,Engineering and Architecture,Technology and IT,Technology and IT
Engineering and Architecture,Engineering and Architecture,Technology and IT,Technology and IT
Engineering and Architecture,Engineering and Architecture,Technology and IT,Technology and IT
Engineering and Architecture,Engineering and Architecture,Technology and IT,Technology and IT
Engineering and Architecture,Engineering and Architecture,Technology and IT,Technology and IT
Technology and IT,Engineering and Architecture,Technology and IT,Technology and IT
Technology and IT,Engineering and Architecture,Technology and IT,Technology and IT
Technology and IT,Engineering and Architecture,Technology and IT,Technology and IT
Engineering and Architecture,Engineering and Architecture,Technology and IT,Technology and IT
Technology and IT,Engineering and Architecture,Technology and IT,Technology and IT
Technology and IT,Engineering and Architecture,Technology and IT,Technology and IT
Technology and IT,Technology and IT,Engineering and Architecture,Engineering and Architecture
Engineering and Architecture,Engineering and Architecture,Technology and IT,Technology and IT
Technology and IT,Engineering and Architecture,Technology and IT,Technology and IT
Technology and IT,Engineering and Architecture,Technology and IT,Technology and IT
Technology and IT,Engineering and Architecture,Technology and IT,Technology and IT
Engineering and Architecture,Engineering and Architecture,Technology and IT,Technology and IT
Technology and IT,Engineering and Architecture,Technology and IT,Technology and IT
Engineering and Architecture,Engineering and Architecture,Technology and IT,Technology and IT
Business Management and Finance,Engineering and Architecture,Technology and IT,Technology and IT
Engineering and Architecture,Engineering and Architecture,Technology and IT,Technology and IT
Technology and IT,Engineering and Architecture,Technology and IT,Technology and IT
Law Government and Security,Technology and IT,Engineering and Architecture,Engineering and Architecture
Technology and IT,Engineering and Architecture,Technology and IT,Technology and IT
Technology and IT,Engineering and Architecture,Technology and IT,Technology and IT
Technology and IT,Technology and IT,Engineering and Architecture,Engineering and Architecture
Engineering and Architecture,Engineering and Architecture,Technology and IT,Technology and IT
Technology and IT,Engineering and Architecture,Technology and IT,Technology and IT
Technology and IT,Engineering and Architecture,Technology and IT,Technology and IT
Engineering and Architecture,Technology and IT,Engineering and Architecture,Engineering and Architecture
Engineering and Architecture,Engineering and Architecture,Technology and IT,Technology and IT
Engineering and Architecture,Engineering and Architecture,Technology and IT,Technology and IT
Engineering and Architecture,Technology and IT,Engineering and Architecture,Engineering and Architecture
Healthcare and Medical,Engineering and Architecture,Technology and IT,Technology and IT
Technology and IT,Engineering and Architecture,Technology and IT,Technology and IT
Engineering and Architecture,Engineering and Architecture,Technology and IT,Technology and IT
Engineering and Architecture,Engineering and Architecture,Technology and IT,Technology and IT
Technology and IT,Technology and IT,Engineering and Architecture,Engineering and Architecture
Engineering and Architecture,Technology and IT,Engineering and Architecture,Engineering and Architecture
Engineering and Architecture,Technology and IT,Engineering and Architecture,Engineering and Architecture
Business Management and Finance,Engineering and Architecture,Technology and IT,Technology and IT
Technology and IT,Engineering and Architecture,Technology and IT,Technology and IT
Engineering and Architecture,Engineering and Architecture,Technology and IT,Technology and IT
Technology and IT,Engineering and Architecture,Technology and IT,Technology and IT
Engineering and Architecture,Engineering and Architecture,Technology and IT,Technology and IT
Technology and IT,Engineering and Architecture,Technology and IT,Technology and IT
Healthcare and Medical,Engineering and Architecture,Technology and IT,Technology and IT
Technology and IT,Engineering and Architecture,Technology and IT,Technology and IT
Technology and IT,Engineering and Architecture,Technology and IT,Technology and IT
Technology and IT,Engineering and Architecture,Technology and IT,Technology and IT
Engineering and Architecture,Technology and IT,Engineering and Architecture,Engineering and Architecture
Technology and IT,Engineering and Architecture,Technology and IT,Technology and IT
Technology and IT,Technology and IT,Engineering and Architecture,Engineering and Architecture
Technology and IT,Engineering and Architecture,Technology and IT,Technology and IT
Technology and IT,Engineering and Architecture,Technology and IT,Technology and IT
Engineering and Architecture,Engineering and Architecture,Technology and IT,Technology and IT
Technology and IT,Engineering and Architecture,Technology and IT,Technology and IT
Engineering and Architecture,Engineering and Architecture,Technology and IT,Technology and IT
Business Management and Finance,Engineering and Architecture,Technology and IT,Technology and IT
Technology and IT,Technology and IT,Engineering and Architecture,Engineering and Architecture
Engineering and Architecture,Engineering and Architecture,Technology and IT,Technology and IT
Technology and IT,Engineering and Architecture,Technology and IT,Technology and IT
Engineering and Architecture,Engineering and Architecture,Technology and IT,Technology and IT
Technology and IT,Engineering and Architecture,Technology and IT,Technology and IT
Engineering and Architecture,Engineering and Architecture,Technology and IT,Technology and IT
Engineering and Architecture,Engineering and Architecture,Technology and IT,Technology and IT
Technology and IT,Engineering and Architecture,Technology and IT,Technology and IT
Engineering and Architecture,Engineering and Architecture,Technology and IT,Technology and IT
Technology and IT,Engineering and Architecture,Technology and IT,Technology and IT
Technology and IT,Engineering and Architecture,Technology and IT,Technology and IT
Engineering and Architecture,Engineering and Architecture,Technology and IT,Technology and IT
Technology and IT,Technology and IT,Engineering and Architecture,Engineering and Architecture
Technology and IT,Engineering and Architecture,Technology and IT,Technology and IT
Technology and IT,Engineering and Architecture,Technology and IT,Technology and IT
Technology and IT,Engineering and Architecture,Technology and IT,Technology and IT
Technology and IT,Technology and IT,Engineering and Architecture,Engineering and Architecture
Engineering and Architecture,Engineering and Architecture,Technology and IT,Technology and IT
Technology and IT,Engineering and Architecture,Technology and IT,Technology and IT
Technology and IT,Engineering and Architecture,Technology and IT,Technology and IT
Engineering and Architecture,Engineering and Architecture,Technology and IT,Technology and IT
Engineering and Architecture,Technology and IT,Engineering and Architecture,Engineering and Architecture
Engineering and Architecture,Engineering and Architecture,Technology and IT,Technology and IT
Technology and IT,Engineering and Architecture,Technology and IT,Technology and IT
Technology and IT,Engineering and Architecture,Technology and IT,Technology and IT
Technology and IT,Technology and IT,Engineering and Architecture,Engineering and Architecture
Engineering and Architecture,Engineering and Architecture,Technology and IT,Technology and IT
Technology and IT,Engineering and Architecture,Technology and IT,Technology and IT
Engineering and Architecture,Technology and IT,Engineering and Architecture,Engineering and Architecture
Business Management and Finance,Engineering and Architecture,Technology and IT,Technology and IT
Business Management and Finance,Engineering and Architecture,Technology and IT,Technology and IT
Engineering and Architecture,Engineering and Architecture,Technology and IT,Technology and IT
Engineering and Architecture,Engineering and Architecture,Technology and IT,Technology and IT
Business Management and Finance,Engineering and Architecture,Technology and IT,Technology and IT
Engineering and Architecture,Engineering and Architecture,Technology and IT,Technology and IT
Engineering and Architecture,Technology and IT,Engineering and Architecture,Engineering and Architecture
Engineering and Architecture,Engineering and Architecture,Technology and IT,Technology and IT
Technology and IT,Engineering and Architecture,Technology and IT,Technology and IT
Technology and IT,Technology and IT,Engineering and Architecture,Engineering and Architecture
Technology and IT,Technology and IT,Engineering and Architecture,Engineering and Architecture
Engineering and Architecture,Engineering and Architecture,Technology and IT,Technology and IT
Engineering and Architecture,Engineering and Architecture,Technology and IT,Technology and IT
Engineering and Architecture,Engineering and Architecture,Technology and IT,Technology and IT
Technology and IT,Engineering and Architecture,Technology and IT,Technology and IT
Engineering and Architecture,Engineering and Architecture,Technology and IT,Technology and IT
Engineering and Architecture,Engineering and Architecture,Technology and IT,Technology and IT
Technology and IT,Engineering and Architecture,Technology and IT,Technology and IT
Engineering and Architecture,Technology and IT,Engineering and Architecture,Engineering and Architecture
Engineering and Architecture,Technology and IT,Engineering and Architecture,Engineering and Architecture
Technology and IT,Engineering and Architecture,Technology and IT,Technology and IT
Technology and IT,Engineering and Architecture,Technology and IT,Technology and IT
Engineering and Architecture,Engineering and Architecture,Technology and IT,Technology and IT
Technology and IT,Technology and IT,Engineering and Architecture,Engineering and Architecture
Technology and IT,Engineering and Architecture,Technology and IT,Technology and IT
Technology and IT,Engineering and Architecture,Technology and IT,Technology and IT
Engineering and Architecture,Engineering and Architecture,Technology and IT,Technology and IT
Engineering and Architecture,Engineering and Architecture,Technology and IT,Technology and IT
Technology and IT,Engineering and Architecture,Technology and IT,Technology and IT
Engineering and Architecture,Engineering and Architecture,Technology and IT,Technology and IT
Engineering and Architecture,Technology and IT,Engineering and Architecture,Engineering and Architecture
