category,openness,conscientiousness,extraversion,agreeableness,neuroticism,emotional_stability,analytical_index,social_index,leadership_index,creativity_index
Business Management and Finance,11.35,9.28,21.22,12.37,7.01,7.01,4.53,15.17,8.09,15.04
Creative Media and Design,5.61,6.23,14.99,5.79,5.46,5.46,3.77,8.27,8.57,7.73
Education and Research,10.18,6.14,14.08,11.69,5.11,5.11,7.1,12.13,6.54,5.12
Engineering and Architecture,8.97,6.36,7.51,6.42,5.81,5.81,4.02,5.8,4.15,6.7
Environmental Science,5.22,4.94,4.85,4.99,4.9,4.9,3.61,3.51,3.43,3.56
Healthcare and Medical,6.18,7.47,13.3,9.85,6.23,6.23,5.13,10.84,6.08,7.89
Law Government and Security,9.99,5.54,9.96,6.88,6.92,6.92,5.54,5.48,4.63,7.96
Social and Behavioral Sciences,9.36,4.99,6.11,5.21,5.42,5.42,5.23,4.54,4.0,4.08
Technology and IT,10.02,6.59,6.72,5.48,6.01,6.01,5.62,4.79,3.86,6.71
